provider_name,trading_name,provider_address,provider_reference,fca_reference,components_offered
6 Towns Credit Union Limited,6 Towns Credit Union Limited,"382 High Street, West Bromwich, B70 9LB",Z1618,419396,['Cash']
Abrdn Fund Managers Limited,Abrdn Fund Managers Limited,"280 Bishopsgate, London, EC2M 4AG",Z1125,121803,['Stocks and Shares']
Abrdn Investments Limited,Abrdn Investments Limited,"280 Bishopsgate, London, EC2M 4AG",Z1124,121891,['Stocks and Shares']
Abundance Investment Limited,Abundance,"Unit 16 Linen House, 253 Kilburn Lane, London, W10 4BQ",Z1870,525432,"['Cash', 'Innovative Finance ISA', 'Stocks and Shares']"
Accrue Investment Management Limited,Accrue Investment Management Limited,"4 Northumberland Buildings, Bath, BA1 2JB",Z1475,226033,['Stocks and Shares']
Aegon Asset Management UK plc,Aegon Asset Management UK plc,"3 Lochside Crescent, Edinburgh, EH12 9SA",Z1345,144267,['Stocks and Shares']
Aegon Investment Solutions Limited,Aegon,"Edinburgh Park, 1 Lochside Crescent, Edinburgh, Midlothian, EH12 9SE, Scotland",Z1775,543123,['Stocks and Shares']
AIB Group (UK) Plc,AIB,"10 Moleworth Street, Dublin 2, Ireland",Z1049,122088,['Cash']
AJ Bell Securities Limited,AJ Bell Securities Limited,"4 Exchange Quay, Salford Quays, Manchester, M5 3EE",Z1688,155593,"['Stocks and Shares', 'Lifetime ISA']"
Al Rayan Bank plc,Al Rayan Bank plc,"24A Calthorpe Road, Edgbaston, Birmingham, B15 1RP",Z1827,229148,"['Cash', 'Cash Junior ISA']"
Alder Investment Management Limited,Alder Investment Management Limited,"1 King’s Arms Yard, London, EC2R 7AF",Z2067,122428,"['Stocks and Shares', 'Stocks and Shares Junior ISA']"
Aldermore Bank plc,Aldermore,"Apex Plaza, Forbury Road, Reading, RG1 1AX",Z1129,204503,['Cash']
Allianz Global Investors UK Limited,Allianz,"199 Bishopsgate, London, EC2M 3TY",Z2075,959195,['Stocks and Shares']
Alpha Real property Investment Advisers LLP,Time,"338 Euston Road, London, NW1 3BG",Z1851,534723,['Stocks and Shares']
Alvarium Investment Managers (UK) LLP,Alvarium Investment Managers (UK) LLP,"10 Old Burlington Street, London, W1S 3AG",Z1790,455686,['Stocks and Shares']
Andrews Gwynne LLP,Andrews Gwynne LLP,"Aquilifer House, 2 Kelso Road, Leeds, LS2 9PW",Z2034,462657,"['Stocks and Shares', 'Stocks and Shares Junior ISA']"
Apollo Multi Asset Management LLP,Apollo Multi Asset Management LLP,"Second Floor, 28 Reigate Hill, Reigate, Surrey, RH2 9NG",Z1900,487458,['Stocks and Shares']
Arbuthnot Latham & Co Limited,Arbuthnot Latham & Co Limited,"Arbuthnot House, 7 Wilson Street, London, EC2M 2SN",Z1362,143336,"['Cash', 'Stocks and Shares']"
ArchOver Limited,ArchOver,"5th Floor, 40 Gracechurch Street, London, EC3V OBT",Z1927,723755,['Innovative Finance ISA']
Arnold Stansby & Co. Ltd,Arnold Stansby & Co. Ltd,"Alexandra Buildings, 28 Queen Street, Manchester, M2 5JJ",Z1004,569888,"['Cash', 'Stocks and Shares']"
Artemis Fund Managers Limited,Artemis Fund Managers Limited,"Cassini House, 57 St James’s Street, London, SW1A 1LD",Z1157,122448,['Stocks and Shares']
Assetz Exchange Limited,Assetz Exchange Limited,"Assetz House, 335 Styal Road, Manchester, M22 5LW",Z1955,668931,['Innovative Finance ISA']
Assetz SME Capital Limited,Assetz,"Assetz House, 335 Styal Road, Manchester, M22 5LW",Z1959,724996,['Innovative Finance ISA']
Atomos Investments Limited,Atomos Investments Limited,"24 Monument Street, London, England, EC3R 8AJ",Z1184,122588,"['Stocks and Shares', 'Stocks and Shares Junior ISA']"
Aviation and Tech Capital Limited,Ablrate,"Badgemore House, Badgemore, Henley-on-Thames, Oxon, RG9 4NR",Z1940,724444,['Innovative Finance ISA']
Aviva Investment Solutions UK Limited,Aviva Investment Solutions UK Limited,"Floor 5, Wellington Row, York, YO90 1WR",Z1741,515334,"['Cash', 'Stocks and Shares']"
Aviva Investors UK Fund Services Limited,Aviva Investors UK Fund Services Limited,"St Helen’s, 1 Undershaft, London, EC3P 3DQ",Z1907,119310,"['Cash', 'Stocks and Shares']"
Aviva Life & Pensions UK Limited,Aviva,"Floor 5, Wellington Row, York, YO90 1WR",Z1936,185896,['Stocks and Shares']
Aviva Wrap UK Limited,Aviva Wrap UK Limited,"Floor 5, Wellington Row, York, YO90 1WR",Z1582,231530,['Stocks and Shares']
AX Markets Limited,AX Markets Limited,"55 Third Floor, Blandford Street, London, W1U 7HW",Z1460,124580,['Stocks and Shares']
AXA Investment Managers UK Limited,AXA Investment Managers UK Limited,"22 Bishopsgate, London, EC2N 4BQ",Z1703,119368,['Stocks and Shares']
Bank of Baroda,Bank of Baroda,"32 City Road, London, EC1Y 2BD",Z1738,204624,['Cash']
Bank of East Asia Ltd,Bank of East Asia Ltd,"London Branch, 75 Shaftesbury Avenue, London, W1D 5BB",Z1651,204628,['Cash']
Bank of Ireland UK plc,Bank,"Bow Bells House, 1 Bread Street, London, EC4M 9BE",Z2054,512956,['Cash']
Bank Pictet & Cie (Europe) AG London Branch,Bank Pictet & Cie (Europe) AG London Branch,"6th Floor, Stratton House, 5 Stratton Street, London, W1J 8LA",Z2080,989443,"['Stocks and Shares', 'Stocks and Shares Junior ISA']"
Bank of Scotland plc,Bank of Scotland plc,"Trinity Road, Halifax, HX1 2RG",Z1144,169628,"['Cash', 'Cash Junior ISA']"
Barclays Bank plc,Barclays Bank plc,"1 Churchill Place, London, E14 5HP",Z1174,122702,"['Cash', 'Stocks and Shares']"
Barclays Bank UK plc,Barclays,"1 Churchill Place, London, E14 5HP",Z1961,759676,['Cash']
Barclays Investment Solutions Limited,Barclays Investment Solutions Limited,"1 Churchill Place, London, E14 5HP",Z1217,155595,"['Cash', 'Stocks and Shares']"
Barratt & Cooke Ltd,Barratt & Cooke Ltd,"5 Opie Street, Norwich, NR1 3DW",Z1054,428789,"['Cash', 'Stocks and Shares']"
Bath Investment & Building Society,Bath Investment & Building Society,"15 Queen Square, Bath, BA1 2HN",Z1244,206026,"['Cash', 'Lifetime ISA']"
Bayonet Ventures LLP,Bayonet,"Unit 75, Eurolink Business Centre, 49 Effra Road, London, SW2 1BZ",Z1916,229372,['Innovative Finance ISA']
Bedworth and Bulkington Credit Union Limited,Bedworth and Bulkington Credit Union Limited,"The Market Place, Mill Street, Bedworth, Warwickshire, CV12 8LS",Z1716,213992,['Cash']
Beverley Building Society,Beverley Building Society,"57 Market Place, Beverley, HU17 8AA",Z1075,206064,['Cash']
Birmingham Bank Ltd,Birmingham Bank Ltd,"8th Floor, Lyndon House, 62 Hagley Road, Edgbaston, Birmingham, B16 8PE",Z1053,204478,['Cash']
Blackfinch Investments Limited,Blackfinch Investments Limited,"1350-1360 Montpellier Court, Gloucester Business Park, Brockworth, Gloucester, GL3 4AH",Z1876,153860,"['Innovative Finance ISA', 'Stocks and Shares']"
Blackrock Investment Management (UK) Limited,Blackrock Investment Management (UK) Limited,"12 Throgmorton Avenue, London, EC2N 2DL",Z1027,119293,"['Cash', 'Stocks and Shares']"
Blankstone Sington Limited,Blankstone Sington Limited,"Walker House, Exchange Flags, Liverpool, L2 3YL",Z1227,143694,"['Cash', 'Stocks and Shares']"
BNY Mellon Fund Managers Limited,BNY Mellon Fund Managers Limited,"BNY Mellon Centre, 160 Queen Victoria Street, London, EC4V 4LA",Z1061,122007,"['Cash', 'Stocks and Shares']"
Bordier & Cie (UK) plc,Bordier & Cie (UK) plc,"23 King Street, London, SW1Y 6QY",Z1363,114324,['Stocks and Shares']
Bramdean Asset Management LLP,Bramdean Asset Management LLP,"58 Glentham Road, London, SW13 9JJ",Z1835,410624,"['Cash', 'Stocks and Shares', 'Innovative Finance ISA']"
Brent Shrine Credit Union Limited,Brent Shrine Credit Union Limited,"4th Floor, The Emerson Building, Emerson Street, London, SE1 9DU",Z1810,213245,['Cash']
Brewin Dolphin Limited,Brewin Dolphin Limited,"Time Central, Gallowgate, Newcastle Upon Tyne, NE1 4SR",Z1210,124444,"['Cash', 'Stocks and Shares']"
Brewin Dolphin Wealth Management Limited,Brewin,"3 Richview Office Park, Clonskeagh, Dublin 14, Ireland",Z2045,616215,"['Stocks and Shares', 'Stocks and Shares Junior ISA']"
BRI Wealth Management plc,BRI Wealth Management plc,"BRI House, Elm Court, Copse Drive, Meriden Green Business Park, Coventry, CV5 9RL",Z1290,122499,['Stocks and Shares']
British Pearl Limited,British,"33 Cavendish Square, 14th Floor, London W1G 0PW",Z1895,674693,"['Innovative Finance ISA', 'Stocks and Shares', 'Stocks and shares Junior ISA']"
Brooks MacDonald Asset Management Limited,Brooks MacDonald Asset Management Limited,"21 Lombard Street, London, EC3V 9AH",Z1595,184918,"['Lifetime ISA', 'Stocks and Shares']"
Brown Advisory Limited,Brown Advisory Limited,"18 Hanover Square, London, United Kingdom, W1S 1JY",Z1991,475370,"['Stocks and Shares', 'Stocks and Shares Junior ISA']"
Brown Shipley & Co Ltd,Brown Shipley & Co Ltd,"2 Moorgate, London, EC2R 6AG",Z1260,124548,"['Cash', 'Stocks and Shares']"
Buckinghamshire Building Society,Buckinghamshire Building Society,"High Street, Chalfont, St Giles, HP8 4QB",Z1266,206022,['Cash']
Business Agent Limited,Business Agent Limited,"The Townhouse, 114 — 116 Fore Street, Hertford, Hertfordshire, SG14 1AJ",Z2073,669880,"['Stocks and Shares', 'Innovative Finance ISA']"
BUX Financial Services Limited,BUX Financial Services Limited,"3rd Floor, Canvas Building, 35 Luke Street, London, EC2A 4LH",Z2060,184333,"['Cash', 'Stocks and Shares', 'Stocks and Shares Junior ISA']"
Cambridge Building Society,Cambridge Building Society,"51 Newmarket Road, Cambridge, CB5 8EG",Z1274,157223,['Cash']
Canaccord Genuity Wealth Limited,Canaccord Genuity Wealth Limited,"2nd Floor, 41 Lothbury, London, EC2R 7AE",Z1483,194927,['Stocks and Shares']
Capel Court Public Limited Company,Capel Court Public Limited Company,"1 Balkerne Hill, Colchester, Essex, CO3 3FG",Z1517,154146,['Stocks and Shares']
Capital Credit Union Limited,Capital,"62 Hamilton Place, Edinburgh, EH3 5AZ",Z1786,213575,['Cash']
Cardale Asset Management Limited,Cardale Asset Management Limited,"2 Greengate, Cardale Park, Harrogate, HG3 1GY",Z1562,226392,['Stocks and Shares']
CASFS Limited,CASFS Limited,"One Temple Quay, 1 Temple Back East, Bristol, BS1 6DZ",Z1696,472783,['Stocks and Shares']
Castle & Crystal Credit Union Ltd,Castle & Crystal Credit Union Ltd,"25 New Street, Dudley, DY1 1LT",Z1652,213711,['Cash']
Castle Trust Capital plc,Castle Trust Capital plc,"Tower 42, 25 Old Broad Street, London, EC2N 1HQ",Z2036,541910,['Cash']
Castlefield Investment Partners LLP,Castlefield Investment Partners LLP,"111 Piccadilly, Manchester, M1 2HY",Z1619,432488,['Stocks and Shares']
Cater Allen Limited,Cater Allen Limited,"2 Triton Square, Regents Place, London, NW1 3AN",Z1534,178737,['Cash']
Central Liverpool Credit Union Limited,Central Liverpool Credit Union Limited,"141 Park Street, Liverpool, L8 6QF",Z2048,213251,"['Cash', 'Cash Junior ISA']"
Charles Stanley & Co Limited,Charles Stanley & Co Limited,"55 Bishopsgate, London, EC2N 3AS",Z1057,124412,"['Cash', 'Stocks and Shares']"
Charter Court Financial Services Limited,Charter,"2 Charter Court, Broadlands, Wolverhampton, WV10 6TD",Z1898,494549,['Cash']
Charteris Treasury Portfolio Managers Limited,Charteris Treasury Portfolio Managers Limited,"8/9 Lovat Lane, London, EC3R 8DW",Z1394,114952,['Stocks and Shares']
CIRCA5000,CIRCA5000,"3rd Floor, 86-90 Paul Street, London, EC2A 4NE",Z2050,846067,"['Cash', 'Cash Junior ISA', 'Stocks and Shares', 'Stocks and Shares Junior ISA']"
Citibank UK Ltd,Citibank UK Ltd,"Citigroup Centre, 25 Canada Square, Canary Wharf, London, E14 5LB",Z2024,805574,['Stocks and Shares']
City Asset Management plc,City Asset Management plc,"7 Bishopsgate, London, EC2N 3AR",Z1306,122483,['Stocks and Shares']
City Stockbrokers Limited,City Stockbrokers Limited,"227 West George Street, Glasgow, G2 2ND",Z2069,963389,"['Stocks and Shares', 'Stocks and Shares Junior ISA']"
Clearbank Limited,Clearbank Limited,"Borough Yards, 13 Dirty Lane, London, SE1 9PA",Z2081 ,754568 ,['Cash']
Clockwise Credit Union Limited,Clockwise Credit Union Limited,"1 St Nicholas Place, Leicester, LE1 5LB",Z1601,213498,['Cash']
Close Asset Management (UK) Ltd,Close Asset Management (UK) Ltd,"10 Crown Place, London, EC2A 4FT",Z1424,175827,['Stocks and Shares']
Close Asset Management Ltd,Close Asset Management Ltd,"10 Crown Place, London, EC2A 4FT",Z1283,119329,"['Cash', 'Stocks and Shares', 'Junior ISA']"
Close Brothers Limited,Close Brothers Limited,"10 Crown Place, London, EC2A 4FT",Z1759,124750,['Cash']
Clydesdale Bank plc,Clydesdale Bank plc,"30 St Vincent Place, Glasgow, G1 2HL",Z1701,121873,['Cash']
CMC Markets Investments Limited,CMC Markets Investments Limited,"133 Houndsditch, London, EC3A 7BX",Z2062,948126,['Stocks and Shares']
Cofunds Limited,Cofunds Limited,"Cofunds House, Mayland Road, Witham, Essex, CM8 2FR",Z1466,194734,"['Stocks and Shares', 'Stocks and Shares Junior ISA']"
Columbia Threadneedle Fund Management Limited,Columbia,"Exchange House, Primrose Street, London, EC2A 2NY",Z1190,121940,['Stocks and Shares']
Columbia Threadneedle Management Limited,Columbia Threadneedle Management Limited,"8th Floor, Exchange House, Primrose Street, London, EC2A 2NY",Z1115,119230,"['Stocks and Shares', 'Stocks and Shares Junior ISA', 'Lifetime ISA']"
Commsave Credit Union Limited,Commsave,"6 Duncan Close, Moulton Park, Northampton, NN3 6WL",Z1784,213407,['Cash']
ConBrio Fund Partners Limited,ConBrio Fund Partners Limited,"8th Floor 111 Piccadilly, Manchester, M1 2HY",Z1875,229057,"['Stocks and Shares', 'Stocks and Shares Junior ISA']"
Connor Broadley Limited,Connor Broadley Limited,"7 Curzon Street, London, W1J 5HG",Z2033,468321,"['Cash', 'Cash Junior ISA', 'Stocks and Shares', 'Stocks and Shares Junior ISA']"
Consistent Unit Trust Management Company Limited,Consistent Unit Trust Management Company Limited,"Fair Lorna House, Buckingham Road, Singleborough, Milton Keynes, MK17 0RB",Z1556,139515,['Stocks and Shares']
Courtiers Investment Services Limited,Courtiers Investment Services Limited,"18A Hart Street, Henley-on-Thames, RG9 2AU",Z1551,124995,"['Cash', 'Stocks and Shares']"
Coutts & Company,Coutts,"440 Strand, London WC2R 0QS",Z1783,122287,"['Cash', 'Stocks and Shares', 'Junior ISA']"
Coventry Building Society,Coventry Building Society,"Economic House, PO Box 9, High Street, Coventry, CV1 5QV",Z1177,150892,"['Cash', 'Cash Junior ISA']"
Credit Suisse (UK) Limited,Credit Suisse (UK) Limited,"18th Floor, 1 Cabot Square, London, E14 4QJ",Z1272,124269,['Stocks and Shares']
Credit Suisse International,Credit Suisse International,"18th Floor, 1 Cabot Square, London, E14 4QJ",Z1613,146702,"['Cash', 'Stocks and Shares']"
Credo Capital Ltd,Credo Capital Ltd,"York Gate, 100 Marylebone Road, London, NW1 5DX",Z1535,192204,"['Stocks and Shares', 'Stocks and Shares Junior ISA']"
Crowd for Angels (UK) Limited,Crowd for Angels (UK) Limited,"Painters Hall, 8 Little Trinity Lane, London, EC4V 2AN",Z1882,176508,['Innovative Finance ISA']
Crowd2Fund Limited,Crowd2Fund Limited,"242 Aklam Road, London, W10 5JJ",Z1878,623683,['Innovative Finance ISA']
Crowdstacker Limited,Crowdstacker,"6 Victoria Street, St Albans, AL1 3JB",Z1867,648742,"['Cash', 'Innovative Finance ISA', 'Stocks and Shares']"
Cumberland Building Society,Cumberland Building Society,"Cumberland House, Cooper Way, Carlisle, CA3 0JF",Z1304,106074,['Cash']
Cushon Money Limited,Cushon,"Highdale, Headley Road, Leatherhead, KT22 8QE",Z2047,929465,"['Cash', 'Stocks and Shares', 'Cash Junior ISA', 'Stocks and Shares Junior ISA', 'Lifetime ISA']"
Cynergy Bank Limited,Cynergy Bank Limited,"87-93 Chase Side, London, N14 5BU",Z1378,575105,['Cash']
Darlington Building Society,Darlington Building Society,"Sentinel House, Morton Road, Darlington, Co Durham, DL1 4PT",Z1135,205895,['Cash']
DB UK Bank Limited,DB UK Bank Limited,"Winchester House, 1 Great Winchester Street, London, EC2N 2DB",Z1962,140848,['Stocks and Shares']
Denmark Square Limited,Money,"Kings House, 174 Hammersmith Road, London, W6 7JP",Z1932,727325,['Innovative Finance ISA']
Digital Moneybox Limited,Digital Moneybox Limited,"1-2 Hatfields, London, SE1 9PG",Z1954,712935,"['Stocks and Shares', 'Stocks and Shares Junior ISA', 'Lifetime ISA', 'Cash']"
Dolfin Financial (UK) Limited — this company is in administration,Dolfin Financial (UK) Limited — this company is in administration,"50 Berkeley Street, Mayfair, London, W1J 8HA",Z1952,552894,['Stocks and Shares']
Downing LLP,Downing,"6th Floor, 3 Lower Thames Street, London, EC3R 6HG",Z1894,545025,['Innovative Finance ISA']
Dudley Building Society,Dudley Building Society,"7 Harbour Buildings, The Waterfront, Brierley Hill, DY5 1LN",Z1088,161294,['Cash']
Dura Capital Limited,Dura,"10 Throgmorton Avenue, London, EC2N 2DL",Z1985,786640,"['Cash', 'Stocks and Shares']"
Earl Shilton Building Society,Earl Shilton Building Society,"22 The Hollow, Earl Shilton, Leicester, LE9 7NB",Z1012,206078,['Cash']
Ecology Building Society,Ecology Building Society,"7 Belton Road, Silsden, Keighley, BD20 0EE",Z1013,162090,['Cash']
Edaid Limited,Edaid,"Office 2113, WeWork Mansion House, 33 Queen Street, London, EC4R 1BR",Z1942,673376,['Innovative Finance ISA']
EdenTree Investment Management Limited,EdenTree Investment Management Limited,"24 Monument Street, London, EC3R 8AJ",Z1552,527473,['Stocks and Shares']
Edinburgh Alternative Finance Ltd,Lending,"Lending Crowd, 23 Manor Place, Edinburgh, EH3 7DX",Z1915,670991,['Innovative Finance ISA']
EFG Private Bank Limited,EFG Private Bank Limited,"Leconfield House, Curzon Street, London, W1J 5JB",Z1615,144036,['Stocks and Shares']
Elevate Portfolio Services Limited,Elevate Portfolio Services Limited,"6 St. Andrew Square, Edinburgh, EH2 2AH",Z1180,144849,"['Cash', 'Stocks and Shares']"
Elfin Market Limited,Elfin,"Level 39, One Canada Square, London, E14 5AB",Z2015,788176,"['Innovative Finance ISA', 'Stocks and Shares']"
Embark Investment Services Limited,Embark Investment Services Limited,"100 Cannon Street, London, EC4N 6EU",Z1873,737356,"['Cash', 'Cash Junior ISA', 'Stocks and Shares', 'Stocks and Shares Junior ISA']"
E-Money Capital Limited,E-Money Capital Limited,"158-164 Fulham Road, London SW10 9PR",Z1947,231680,['Innovative Finance ISA']
Emoneyhub Limited,Justus,"Block 1 G90, Alderley Park, Congleton Road, Nether Alderley, Macclesfield, Cheshire, SK10 4TG",Z1957,787900,['Innovative Finance ISA']
Equiniti Financial Services Limited,Equiniti Financial Services Limited,"Aspect House, Spencer Road, Lancing, BN99 6DA",Z1650,468631,"['Lifetime ISA', 'Stocks and Shares']"
Erewash Credit Union Limited,Erewash Credit Union Limited,"Cubo, The Old Post Office, Victoria Street, Derby, DE1 1EQ",Z1636,432447,['Cash']
Evelyn Partners Asset Management Limited,Evelyn,"6 Chesterfield Gardens, London, England, W1J 5BQ",Z1607,223074,"['Cash', 'Stocks and Shares', 'Cash Junior ISA', 'Stocks and Shares Junior ISA']"
Evelyn Partners Discretionary Investment Management Limited,Evelyn,"The Observatory, Western Road, Bracknell, Berkshire, RG12 1TL",Z1745,147103,"['Stocks and Shares', 'Junior ISA']"
Evelyn Partners Fund Solutions Limited,St,"25 Moorgate, London, EC2R 6AY",Z1837,122401,['Stocks and Shares']
Evelyn Partners Investment Management Services Limited,Evelyn,"6 Chesterfield Gardens, Mayfair, London, W1J 5BQ",Z1541,165169,"['Stocks and Shares', 'Stocks and Shares Junior ISA']"
Evelyn Partners Investment Services Limited,Evelyn Partners Investment Services Limited,"45 Gresham Street, London, EC2V 7BG",Z1313,131816,"['Cash', 'Lifetime ISA', 'Stocks and Shares', 'Stocks and Shares Junior ISA']"
Evelyn Partners Securities,Evelyn Partners Securities,"Royal Liver Building, Pier Head, Liverpool, L3 1NY",Z1092,124255,"['Stocks and Shares', 'Junior ISA']"
Fairstone Private Wealth Limited,Fairstone Private Wealth Limited,"4th Floor, 25 Copthall Avenue, London, EC2R 7BP",Z1816,457558,['Stocks and Shares']
Family Equity Plan Limited,OneFamily,"16-17 West Street, Brighton, BN1 2RE",Z1074,122351,"['Cash', 'Stocks and Shares', 'Stocks and Shares Junior ISA', 'Lifetime ISA']"
Farley & Thompson LLP,Farley & Thompson LLP,"Pine Grange, Bath Road, Bournemouth, BH1 2NU",Z1532,461601,['Stocks and Shares']
FCE Bank plc,Ford,"Arterial Road, Laindon, Essex, SS15 6EE",Z1874,204469,['Cash']
FIM Capital Limited,FIM Capital Limited,"55 Athol Street, Douglas, Isle of Man, IM1 1LA",Z1856,585601,['Stocks and Shares']
Financial Administration Services Limited,Financial Administration Services Limited,"Kingswood Fields, Millfield Lane, Tadworth, Surrey, KT20 6RP",Z1014,122169,"['Cash', 'Stocks and Shares', 'Lifetime ISA']"
Fineco Bank SPA,Fineco Bank SPA,"c/o MFM Limited, 90-92 Pentonville Road, London, N1 9HS",Z2027,222329,"['Cash', 'Stocks and Shares']"
First Sentier Investors (UK) Funds Ltd,First Sentier Investors (UK) Funds Ltd,"Finsbury Circus House, 15 Finsbury Circus, London, EC2M 7EB",Z1128,143359,"['Cash', 'Stocks and Shares']"
Fiske plc,Fiske plc,"Salisbury House, London Wall, London, EC2M 5QS",Z1308,124279,['Stocks and Shares']
Fluro Platform Limited,Fluro,"60 Grays Inn Road, London, WC1X 8AQ",Z1902,723151,['Innovative Finance ISA']
FNZ Securities Limited ​,FNZ Securities Limited ​,"Level 5, 67 Lombard Street, London, EC3V 9LJ",Z1960,733400,"['Cash', 'Junior ISA', 'Stocks and Shares', 'Stocks and Shares Junior ISA']"
Focus 2020 Limited,Focus 2020 Limited,"H Q S Wellington, Temple Stairs, Victoria Embankment, London, WC2R 2PN",Z1910,727214,['Innovative Finance ISA']
Folk2Folk Limited,Folk2Folk Limited,"1 Business Centre, Western Road, Launceston, Cornwall PL15 7FJ",Z1911,720867,['Innovative Finance ISA']
Forester Life Limited,Foresters,"Forester House, 2 Cromwell Avenue, Bromley, BR2 9BF",Z1316,177898,"['Stocks and Shares', 'Stocks and Shares Junior ISA', 'Lifetime ISA']"
Franklin Templeton Investment Management Ltd,Franklin Templeton Investment Management Ltd,"78 Cannon Street, London, EC4N 6HL",Z1181,121779,"['Cash', 'Stocks and Shares']"
Freetrade Limited,Freetrade,"Level 2, The Truman Brewery, 91 Brick Lane, London, E1 6QL",Z1967,783189,['Stocks and Shares']
Fund Ourselves Limited,Fund Ourselves Limited,"Unit 1d Woodstock Studios, 36 Woodstock Grove, London, W12 8LE",Z1981,729238,['Innovative Finance ISA']
Funding Circle Limited,Funding,"71 Queen Victoria Street, London, EC4V 4AY",Z1946,722513,['Innovative Finance ISA']
FundingSecure Limited — this company is in administration,FundingSecure Limited — this company is in administration,"Unit 8, Stokenchurch Business Park, Ibstone Road, Stokenchurch HP14 3FE",Z1939,698305,['Innovative Finance ISA']
Fundment Limited,Fundment,"Mappin House, 4 Winsley Street, London, W1W 8HF",Z1884,732727,"['Stocks and Shares', 'Stocks and Shares Junior ISA']"
FundRock Partners Limited,FundRock Partners Limited,"52-54 Gracechurch Street, London, EC3V 0EH",Z1656,469278,['Stocks and Shares']
Fundsmith LLP,Fundsmith LLP,"33 Cavendish Square, London, W1G 0PW",Z1746,523102,['Stocks and Shares']
Furness Building Society,Furness Building Society,"Emlyn Hughes House, Abbey Road, Barrow-in-Furness, Cumbria, LA14 5PQ",Z1055,159624,['Cash']
Fusion Wealth Limited,Fusion Wealth Limited,"Holmwood House, Broadlands Business Campus, Langhurstwood Road, Horsham, RH12 4QP",Z1768,541404,"['Stocks and Shares', 'Junior ISA']"
Gallium P E Depositary Limited,Gallium P E Depositary Limited,"Unit 2, Station Court, Station Approach, Borough Green, Sevenoaks, TN15 8AD",Z1858,612479,"['Cash', 'Cash Junior ISA', 'Stocks and Shares', 'Stocks and Shares Junior ISA']"
Gatehouse Bank plc,Gatehouse Bank plc,"The Helicon, One South Place, London, EC2M 2RB",Z2023,475346,['Cash']
GHC Capital Markets Limited,GHC Capital Markets Limited,"Norwich House, 22 to 30 Horsefair Street, Leicester, LE1 5BD",Z1016,152998,"['Cash', 'Stocks and Shares']"
Glasgow Credit Union Limited,Glasgow Credit Union Limited,"95 Morrison Street, Glasgow, G5 8BE",Z1684,213558,['Cash']
Global Investment Strategy UK Limited,Global Investment Strategy UK Limited,"2nd Floor, 2 London Wall Buildings, London, EC2M 5PP",Z1766,437558,"['Cash', 'Stocks and Shares']"
Global Preservation Strategies Limited,Global Preservation Strategies Limited,"8 Little Trinity Lane, London, EC4V 2AN",Z1979,568328,"['Cash', 'Stocks and Shares', 'Cash Junior ISA', 'Stocks and Shares Junior ISA']"
Global Prime Partners Ltd,Global Prime Partners Ltd,"5th Floor, 101 Wigmore Street, London, W1U 1QU",Z1903,533039,"['Stocks and Shares', 'Stocks and Shares Junior ISA']"
Goji Financial Services Ltd,Goji Financial Services Ltd,"133 Whitechapel High Street, London E1 7QA",Z2007,805323,['Innovative Finance ISA']
Goldman Sachs International Bank,Goldman Sachs International Bank,"Plumtree Court, 25 Shoe Lane, London, EC4A 4AU",Z2021,124659,"['Cash', 'Stocks and Shares']"
Great Western Credit Union Limited,Great Western Credit Union Limited,"112-114 Cheltenham Road, Bristol, BS6 5RW",Z1826,213583,['Cash']
Growth Capital Ventures Limited,Growth Capital Ventures Limited,"Carlton House, 15 Parsons Court, Welbury Way, Aycliffe Industrial Park, Newton Aycliffe, County Durham, DL5 6ZE",Z1978,623142,['Innovative Finance ISA']
Halifax Share Dealing Limited,Halifax Share Dealing Limited,"1 Lovell Park Road, Leeds, West Yorkshire, LS1 1NS",Z1025,183332,['Stocks and Shares']
Hampshire Credit Union Limited,Hampshire Credit Union Limited,"97 Fratton Road, Portsmouth, PO1 5AG",Z1600,213757,['Cash']
Hampshire Trust Bank plc,Hampshire Trust Bank plc,"55 Bishopsgate, London, EC2N 3AS",Z1836,204601,['Cash']
Handelsbanken plc,Handelsbanken plc,"3 Thomas More Square, London E1W 1WY",Z2008,806852,['Cash']
Handelsbanken Wealth and Asset Management Limited,Handelsbanken Wealth and Asset Management Limited,"77 Mount Ephraim, Tunbridge Wells, Kent, TN4 8BS",Z1239,197340,"['Cash', 'Stocks and Shares']"
Hanley Economic Building Society,Hanley Economic Building Society,"Granville House, Festival Park, Hanley, Stoke on Trent, ST1 5TB",Z1231,206024,['Cash']
Hanson Asset Management Limited,Hanson Asset Management Limited,"6 Arlington Street, London, SW1A 1RE",Z1823,525784,['Stocks and Shares']
Hargreaves Lansdown Asset Management Limited,Hargreaves,"One College Square South, Anchor Road, Bristol, BS1 5HL",Z1163,115248,"['Cash', 'Lifetime ISA', 'Stocks and Shares']"
Hargreaves Lansdown Savings Limited,Hargreaves Lansdown Savings Limited,"One College Square South, Anchor Road, Bristol, BS1 5HL",Z2039,915119,['Cash']
Harpenden Building Society,Harpenden Building Society,"Mardall House, 9-11 Vaughan Road, Harpenden, Herts, AL5 4HU",Z1047,157260,['Cash']
Hathaway Investment Management Limited,Hathaway Investment Management Limited,"14 Bennetts Hill, Birmingham, B2 5RS",Z1445,191751,['Stocks and Shares']
Hawksmoor Investment Management Limited,Hawksmoor Investment Management Limited,"Sterling Court, 17 Dix’s Field, Exeter, Devon, EX1 1QA",Z1657,472929,['Stocks and Shares']
HBOS Investment Fund Managers Limited,HBOS Investment Fund Managers Limited,"69 Morrison Street, Edinburgh, EH3 8BW",Z1215,119223,['Stocks and Shares']
Hedley & Company Stockbrokers Ltd,Hedley & Company Stockbrokers Ltd,"Unit 19, Trident Park, Trident Way, Blackburn, Lancashire, BB1 3NU",Z1205,471207,"['Cash', 'Stocks and Shares']"
Henderson Rowe Limited,Henderson Rowe Limited,"8th Floor, Berkeley Square House, Berkeley Square, London, W1J 6BR",Z1573,401809,"['Cash', 'Stocks and Shares']"
Hilbert Investment Solutions Ltd,Hilbert Investment Solutions Ltd,"St Clements House, 27 Clements Lane, London, EC4N 7AE",Z1989,698380,"['Cash', 'Stocks and Shares', 'Innovative Finance ISA']"
Hinckley and Rugby Building Society,Hinckley and Rugby Building Society,"Upper Bond Street, Hinckley, Leicestershire, LE10 1NZ",Z1236,206043,['Cash']
HNW Lending Limited,HNW,"72 Charlotte Street, London, W1T 4QQ",Z1917,712956,['Innovative Finance ISA']
Holbein Partners LLP,Holbein Partners LLP,"80 Victoria Street, London, SW1E 5JL",Z1818,529416,['Stocks and Shares']
HSBC Trust Company (UK) Limited — Corporate,HSBC Trust Company (UK) Limited — Corporate,"Forum 1, The Forum, Parkway, Whiteley, Fareham, Hampshire, PO15 7PA",Z1358,119297,"['Cash', 'Stocks and Shares']"
HSBC Trust Company (UK) Limited — Retail,HSBC Trust Company (UK) Limited — Retail,"Forum 1, The Forum, Parkway, Whiteley, Fareham, Hampshire, PO15 7PA",Z1359,119297,"['Cash', 'Stocks and Shares']"
HSBC UK Bank plc,HSBC,"1 Centenary Square, Birmingham, West Midlands, B1 1HQ",Z1990,765112,"['Cash', 'Stocks and Shares']"
Hubwise Securities Limited,Hubwise Securities Limited,"Waverley Court, Wiltell Road, Lichfield, Staffordshire, WS14 9ET",Z1723,502619,"['Stocks and Shares', 'Stocks and Shares Junior ISA']"
I F Mackinnon & Company LLP,I F Mackinnon & Company LLP,"Northwood House, Ward Avenue, Cowes, Isle of Wight, PO31 8AZ",Z1995,231328,['Innovative Finance ISA']
IBP Markets Limited,IBP,"14-16 Dowgate Hill, London, EC4R 2SU",Z2037,520929,"['Cash', 'Cash Junior ISA', 'Stocks and Shares', 'Stocks and Shares Junior ISA']"
iDealing.Com Limited,iDealing.Com Limited,"Finsbury House, 23 Finsbury Circus, London, EC2M 7EA",Z1447,191660,"['Stocks and Shares', 'Innovative Finance ISA']"
IFG.VC Limited,Cur8,"71-75 Shelton Street, London, WC2H 9JQ",Z2076 ,943736 ,['Innovative Finance ISA']
IFSL Administration Limited,Select,"Marlborough House, 59 Chorley New Road, Bolton, BL1 4QP",Z2066,756360,"['Stocks and Shares', 'Stocks and Shares Junior ISA']"
IG Trading & Investments Limited,IG Trading & Investments Limited,"Cannon Bridge House, 25 Dowgate Hill, London, EC4R 2YA",Z2058,944492,['Stocks and Shares']
IM Asset Management Limited,IM Asset Management Limited,"Riverside East, 2 Millsands, Sheffield, S3 8DT",Z1577,402770,"['Cash', 'Stocks and Shares']"
Independent Order of Odd Fellows Manchester Unity Friendly Society Limited,The,"Oddfellows House, 184-186 Deansgate, Manchester, M3 3WB",Z1754,109995,"['Cash', 'Stocks and Shares', 'Lifetime ISA']"
Integrated Financial Arrangements Limited,Integrated Financial Arrangements Limited,"29 Clements Lane, London, EC4N 7AE",Z1429,190856,"['Cash', 'Lifetime ISA', 'Stocks and Shares']"
Intelligent Money Limited,Intelligent,"The Shire Hall, High Pavement, Nottingham, NG1 1HN",Z1847,219473,"['Cash', 'Stocks and Shares']"
Interactive Brokers (U.K.) Limited,Interactive Brokers (U.K.) Limited,"Level 20, Heron Tower, 110 Bishopsgate, London, EC2N 4AY",Z2056,208159,['Stocks and Shares']
Interactive Investor Services Limited,Interactive Investor Services Limited,"Exchange Court, Duncombe Street, Leeds, LS1 4AX",Z1194,141282,"['Cash', 'Stocks and Shares']"
Invesco Fund Managers Limited,Invesco Fund Managers Limited,"Perpetual House, Perpetual Park Drive, Henley-on-Thames, RG9 1HH",Z1857,119298,"['Cash', 'Stocks and Shares']"
Invest and Fund Limited,Invest,"HCP Building, Chichester Road, St Leonards on Sea, East Sussex, TN38 9BG",Z1966,711378,['Innovative Finance ISA']
Investec Bank plc,Investec Bank plc,"30 Gresham Street, London, EC2V 7QP",Z1364,172330,"['Cash', 'Stocks and Shares']"
Investec Wealth & Investment Limited,Investec Wealth & Investment Limited,"30 Gresham Street, London, EC2V 7QP",Z1093,124537,"['Cash', 'Stocks and Shares']"
Investengine (UK) Limited,Investengine,"Office 327, The Metal Box Factory, 30 Great Guildford Street, London, SE1 0HS",Z2012,801128,['Stocks and Shares']
Investment Funds Direct Limited,Investment Funds Direct Limited,"10 Fenchurch Avenue, London, EC3M 5AG",Z1442,114432,['Stocks and Shares']
Investment Fund Services Limited,Investment Fund Services Limited,"Marlborough House, 59 Chorley New Road, Bolton, BL1 4QP",Z1665,464193,"['Cash', 'Stocks and Shares']"
Invinitive Financial UK Ltd,Invinitive Financial UK Ltd,"128 City Road, London, EC1V 2NX",Z2074,964301,"['Stocks and Shares', 'Stocks and Shares Junior ISA']"
ITI Capital Limited,ITI Capital Limited,"Tower 42, International Financial Centre, 25 Old Broad Street, London, EC2N 1HQ",Z1497,171487,['Stocks and Shares']
J & E Davy (UK) Limited,Davy,"Donegall House, 7 Donegall Square North, Belfast, BT1 5GB",Z2041,172140,"['Stocks and Shares', 'Stocks and Shares Junior ISA']"
J M Finn & Co Ltd,J M Finn & Co Ltd,"4 Coleman Street, London, EC2R 5TA",Z1614,450754,['Stocks and Shares']
J. Edward Sellars & Partners Limited,J. Edward Sellars & Partners Limited,"The Drive House, Manor Farm, Kenn Moor Road, Kenn Clevedon, BS21 6TZ",Z1366,116320,"['Cash', 'Stocks and Shares']"
James Brearley & Sons Limited,James Brearley & Sons Limited,"Walpole House, Unit 2, Burton Road, Blackpool, FY4 4WX",Z1021,189219,"['Cash', 'Stocks and Shares']"
James Hambro & Partners LLP,James Hambro & Partners LLP,"45 Pall Mall, London, SW1Y 5JG",Z1726,513246,"['Cash', 'Stocks and Shares']"
James Hay Wrap Managers Limited,James Hay Wrap Managers Limited,"Dunns House, St Paul’s Road, Salisbury, SP2 7BF",Z1561,225574,"['Cash', 'Stocks and Shares']"
James Sharp & Co LLP,James Sharp & Co LLP,"The Exchange, 5 Bank Street, Bury, Lancashire, BL9 0DN",Z1341,813845,['Stocks and Shares']
Janus Henderson Fund Management UK Limited,Janus Henderson Fund Management UK Limited,"201 Bishopsgate, London, EC2M 3AE",Z1860,121859,['Stocks and Shares']
Jarvis Investment Management Ltd,Jarvis Investment Management Ltd,"78 Mount Ephraim, Tunbridge Wells, TN4 8BS",Z1107,116413,"['Stocks and Shares', 'Stocks and Shares Junior ISA']"
Julian Hodge Bank Limited,Julian Hodge Bank Limited,"One Central Square, Central Square, Cardiff, CF10 1FS",Z1417,204439,['Cash']
Jupiter Unit Trust Managers Limited,Jupiter Unit Trust Managers Limited,"Zig Zag Building, 70 Victoria Street, London, SW1E 6SQ",Z1083,122488,['Stocks and Shares']
Kapwealth Ltd,Kapwealth Ltd,"c/o Jellyfish, Floor 28, The Shard, 32 London Bridge Street, London, SE1 9SG",Z1877,590782,"['Cash', 'Innovative Finance ISA', 'Stocks and Shares']"
Kidstart Limited,Kidstart,"Unit 10, Plato Place, 72/74 Dionis Road, London, SW6 4TU",Z2006,473606,"['Stocks and Shares', 'Stocks and Shares Junior ISA']"
Killik & Co LLP,Killik & Co LLP,"46 Grosvenor Street, London, W1K 3HN",Z1073,462016,"['Cash', 'Stocks and Shares', 'Lifetime ISA']"
King & Shaxson Asset Management Limited,King,"1st Floor, Cutlers Court, 115 Houndsditch, London, EC3A 7BR",Z2052,823315,['Stocks and Shares']
Kingdom Bank Limited,Kingdom Bank Limited,"Ruddington Fields Business Park, Mere Way, Ruddington, Nottingham, NG11 6JS",Z1576,400972,['Cash']
Kuflink Limited,Kuflink Limited,"21 West Street, Gravesend, Kent, DA11 0BF",Z1943,724890,['Innovative Finance ISA']
Landlordinvest Limited,Landlordinvest,"91-93 Buckingham Palace Road, London, SW1W 0RP",Z1909,660926,['Innovative Finance ISA']
Leeds Building Society,Leeds Building Society,"26 Sovereign Street, Leeds, LS1 4BJ",Z1287,164992,['Cash']
Leeds City Credit Union Limited,Leeds City Credit Union Limited,"2nd Floor, Westminster Buildings, 31 New York Street, Leeds, LS2 7DT",Z1608,213369,['Cash']
Leek United Building Society,Leek United Building Society,"50 St Edward Street, Leek, ST13 5DH",Z1188,100014,['Cash']
Legal & General (Portfolio Management Services) Limited,Legal & General (Portfolio Management Services) Limited,"One Coleman Street, London, EC2R 5AA",Z1160,146786,"['Cash', 'Stocks and Shares']"
Legal & General (Unit Trust Managers) Limited,Legal & General (Unit Trust Managers) Limited,"One Coleman Street, London, EC2R 5AA",Z1845,119273,"['Cash', 'Stocks and Shares']"
Lendwise Limited,Lendwise,"33 Queen Street, London, EC4R 1BR",Z2028,782496,['Innovative Finance ISA']
LGT Wealth Management UK LLP,LGT Wealth Management UK LLP,"Fourteen Courthill, London, EC3V 7ND",Z1686,471048,['Stocks and Shares']
Life Insurance Corporation of India,Life Insurance Corporation of India,"1st Floor, Victoria House, 49 Clarendon House, Watford, WD17 1HP",Z1578,110379,['Stocks and Shares']
Link Financial Investments Limited,Link Financial Investments Limited,"6th Floor, 65 Gresham Street, London, EC2V 0PA",Z1659,169586,['Stocks and Shares']
Link Fund Solutions Limited,Link Fund Solutions Limited,"6th Floor, 65 Gresham Street, London, EC2V 7NQ",Z1367,119197,['Stocks and Shares']
Liontrust Fund Partners LLP,Liontrust Fund Partners LLP,"2 Savoy Court London, WC2R 0EZ",Z1739,518165,['Stocks and Shares']
Liverpool Victoria Financial Services Ltd,Liverpool Victoria Financial Services Ltd,"County Gates, Bournemouth, Dorset, BH1 2NF",Z1832,110035,['Stocks and Shares']
Lloyds Bank plc,Lloyds Bank plc,"25 Gresham Street, London, EC2V 7HN",Z1255,119278,"['Cash', 'Stocks and Shares', 'Cash Junior ISA']"
Loanpad Limited,Loanpad Limited,"5 Technology Park, Colindeep Lane, Colindale, London, NW9 6BX",Z1987,741576,['Innovative Finance ISA']
Logic Investments Limited,Logic Investments Limited,"87 Moorgate, London EC2M 6SA",Z2044,516459,"['Stocks and Shares', 'Stocks and Shares Junior ISA']"
Lombard Odier (Europe) S.A.,Lombard,"Queensbury House, 3 Old Burlington Street, London, W1S 3AB",Z1897,597896,"['Cash', 'Junior ISA', 'Stocks and Shares', 'Stocks and Shares Junior ISA']"
London Court Limited,London Court Limited,"Meridien House, 42 Upper Berkeley Street, London, W1H 5PW",Z2042,146522,"['Innovative Finance ISA', 'Stocks and Shares']"
London House Exchange Limited,London House Exchange Limited,"3rd Floor, The News Building, 3 London Bridge Street, London, SE1 9SG",Z1886,613499,"['Innovative Finance ISA', 'Stocks and Shares']"
London Mutual Credit Union Limited,London Mutual Credit Union Limited,"4 Heaton Road, London, SE15 3TH",Z1782,213248,['Cash']
Loughborough Building Society,Loughborough Building Society,"6 High Street, Loughborough, LE11 2QB",Z1023,157258,['Cash']
M & G Securities Limited,M & G Securities Limited,"10 Fenchurch Avenue, London, EC3M 5AG",Z1854,122057,['Stocks and Shares']
Madiston plc,Madiston,"41 Ashley Road, Walton on Thames, Surrey, KT12 1HG",Z1920,724098,['Innovative Finance ISA']
Maitland Institutional Services Limited,Maitland Institutional Services Limited,"Hamilton Centre, Rodney Way, Chelmsford, Essex, CM1 3BY",Z1666,469627,['Stocks and Shares']
Man Fund Management UK Limited,Man Fund Management UK Limited,"Riverbank House, 2 Swan Lane, London, EC4R 3AD",Z1431,185916,['Stocks and Shares']
Margetts Fund Management Limited,Margetts Fund Management Limited,"1 Sovereign Court, Graham Street, Birmingham, B1 3JR",Z1518,208565,['Stocks and Shares']
Market Harborough Building Society,Market Harborough Building Society,"Welland House, 15 to 17 The Square Market, Harborough, LE16 9QU",Z1218,206041,['Cash']
Marks & Spencer Financial Services plc,Marks & Spencer Financial Services plc,"Kings Meadow, Chester Business Park, Chester, CH99 9FB",Z1110,151427,"['Cash', 'Stocks and Shares']"
Marks and Spencer Unit Trust Management Limited,Marks and Spencer Unit Trust Management Limited,"Kings Meadow, Chester Business Park, Chester, CH99 9FB",Z1673,141662,['Stocks and Shares']
Marsden Building Society,Marsden Building Society,"6-20 Russell Street, Nelson, BB9 7NJ",Z1142,206050,['Cash']
Match the Cash Limited,Guarantormyloan,"4th Floor, 25-27 Surrey Street, Norwich, NR1 3NX",Z1931,718844,['Innovative Finance ISA']
Maunby Investment Management Limited,Maunby Investment Management Limited,"30 Market Place West, Ripon, North Yorkshire, HG4 2PT",Z1416,114428,"['Stocks and Shares', 'Stocks and Shares Junior ISA']"
McInroy & Wood Limited,McInroy & Wood Limited,"Easter Alderston, Haddington, Lothian, EH41 3SF",Z1756,121926,"['Stocks and Shares', 'Stocks and Shares Junior ISA']"
McInroy & Wood Portfolios Limited,McInroy & Wood Portfolios Limited,"Easter Alderston, Haddington, Lothian, EH41 3SF",Z1834,144205,"['Stocks and Shares', 'Stocks and Shares Junior ISA']"
Melton Mowbray Building Society,Melton Mowbray Building Society,"Leicester Road, Melton Mowbray, Leicestershire, LE13 0DB",Z1170,106184,['Cash']
Mercer Ltd,Mercer Ltd,"1 Tower Place West, London, EC3R 5BU",Z1509,121935,['Stocks and Shares']
MES Financial Services Ltd,MyExpatSIPP,"15 St Helens Place, London, EC3A 6DE",Z2049,805568,"['Stocks and Shares', 'Stocks and Shares Junior ISA']"
Meteor Asset Management Limited,Meteor Asset Management Limited,"55 King William Street, London, EC4R 9AD",Z1630,459325,"['Cash', 'Stocks and Shares']"
Methodist Chapel Aid Limited,Methodist Chapel Aid Limited,"1 Telford Terrace, York, YO24 1DQ",Z1243,204508,['Cash']
Metlife Europe D.A.C,Metlife Europe D.A.C,"Invicta House, Trafalgar Place, Brighton, BN1 4FR",Z1817,456829,"['Cash', 'Stocks and Shares']"
Metro Bank plc,Metro Bank plc,"One Southampton Row, London, WC1B 5HA",Z1732,488982,['Cash']
Metropolitan Police Friendly Society Ltd,Metropolitan Police Friendly Society Ltd,"Central Court, 1B Knoll Rise, Orpington, BR6 0JA",Z1126,110026,"['Cash', 'Junior ISA', 'Lifetime ISA', 'Stocks and Shares']"
MFM Investment Ltd,Moneyfarm,"90-92 Pentonville Road, London, NI 9HS",Z1862,629539,"['Cash', 'Stocks and Shares']"
MHA Caves Wealth Limited,MHA,"Lockgates House, Rushmills, Northampton NN4 7YB",Z1136,143715,"['Cash', 'Stocks and Shares']"
MICL Limited,MICL Limited,"Oxford House, 12-20 Oxford Street, Newbury, RG14 1JB",Z1350,188586,['Stocks and Shares']
Miller & Co Investment Management Limited,Miller & Co Investment Management Limited,"14 Queen’s Road, Aberdeen, AB15 4ZT",Z1085,166062,['Stocks and Shares']
Mole Valley Asset Management Ltd,Mole Valley Asset Management Ltd,"Suite C1, South House, 21-37 South Street, Dorking, RH4 2JZ",Z1840,613008,"['Lifetime ISA', 'Stocks and Shares']"
Moneything Capital Limited — this company is in administration,Moneything Capital Limited — this company is in administration,"Moorfields Advisory Ltd, 20 Old Bailey, London, EC4M 7AN",Z2070,703549,['Innovative Finance ISA']
Monmouthshire Building Society,Monmouthshire Building Society,"John Frost Square, Newport, Gwent, NP20 1PX",Z1028,206052,['Cash']
Monzo Bank Limited,Monzo,"Broadwalk House, 5 Appold Street, London, EC2A 2AG",Z2005,730427,"['Cash', 'Cash Junior ISA', 'Innovative Finance ISA', 'Stocks and Shares', 'Stocks and Shares Junior ISA']"
More Lending Solutions Limited,More Lending Solutions Limited,"Scottish Provident Buildings, 7 Donegall Square West, Belfast, BT1 6JH",Z1965,702503,['Innovative Finance ISA']
Morgan Stanley & Co. International plc,Morgan Stanley & Co. International plc,"25 Cabot Square, London, E14 4QA",Z1533,165935,"['Cash', 'Stocks and Shares']"
Morningstar Wealth Administration Limited,Morningstar Wealth Administration Limited,"1 Oliver’s Yard, 55-71 City Road, London, EC1Y 1HQ",Z1689,463566,"['Stocks and Shares', 'Stocks and Shares Junior ISA']"
Multrees Investor Services Limited,Multrees Investor Services Limited,"40 Princes Street, Edinburgh, EH2 2BY",Z1841,526528,"['Stocks and Shares', 'Stocks and Shares Junior ISA']"
Murray Asset Management UK Limited,Murray Asset Management UK Limited,"3 Glenfinlas Street, Edinburgh, EH3 6AQ",Z1678,707868,['Stocks and Shares']
National Counties Building Society,National Counties Building Society,"Ebbisham House, 30 Church Street, Epsom, KT17 4NL",Z1175,206080,['Cash']
National Deposit Friendly Society Limited,National Deposit Friendly Society Limited,"11-12 Queen Square, Bristol, Somerset, BS1 4NT",Z1602,110008,['Stocks and Shares']
National Savings and Investments,National Savings and Investments,"NS&I, Sunderland SR43 2SB",Z1334,—,['Cash']
National Westminster Bank plc,National Westminster Bank plc,"250 Bishopsgate, London, EC2M 4AA",Z1156,121878,"['Cash', 'Stocks and Shares', 'Stocks and Shares Junior ISA']"
Nationwide Building Society,Nationwide Building Society,"Nationwide House Pipers Way, Swindon, SN38 1NL",Z1198,106078,['Cash']
Netwealth Investments Limited,Netwealth Investments Limited,"Two Fitzroy Place, 8 Mortimer Street, London, W1T 3JJ",Z1885,706988,"['Stocks and Shares', 'Stocks and Shares Junior ISA']"
Newbury Building Society,Newbury Building Society,"17 Bartholomew Street, Newbury, RG14 5LY",Z1081,206077,['Cash']
Newcastle Building Society,Newcastle Building Society,"1 Cobalt Park Way, Wallsend, Newcastle Upon Tyne, NE28 9EJ",Z1289,156058,"['Cash', 'Lifetime ISA']"
NFU Mutual Select Investments Limited,NFU Mutual Select Investments Limited,"Tiddington Road, Stratford Upon Avon, CV37 7BJ",Z1805,582519,"['Stocks and Shares', 'Stocks and Shares Junior ISA']"
Ninety One Fund Managers UK Limited,Ninety One Fund Managers UK Limited,"55 Gresham Street, London, EC2V 7QP",Z1479,145007,"['Cash', 'Stocks and Shares']"
Northern Bank Ltd,Northern Bank Ltd,"Danske Bank, Donegall Square West, Belfast, County Antrim, BT1 6JS",Z1599,122261,"['Cash', 'Stocks and Shares']"
Nottingham Building Society,Nottingham Building Society,"Nottingham House, 3 Fulforth Street, Nottingham, NG1 3DL",Z1165,200785,"['Cash', 'Lifetime ISA']"
Nottingham Credit Union Limited,Nottingham Credit Union Limited,"69 Maid Marian Way, Nottingham, NG1 6AJ",Z1809,213439,['Cash']
Novia Financial plc,Wealthtime,"1st Floor, Cambridge House, Henry Street, Bath, BA1 1JS",Z1692,481600,"['Cash', 'Stocks and Shares', 'Stocks and Shares Junior ISA']"
Novia Global Limited,Novia Global Limited,"Cambridge House, Henry Street, Bath, BA1 1JS",Z2078,653661,['Stocks and Shares']
Nucleus Financial Services Limited,Nucleus Financial Services Limited,"Nucleus HQ, Greenside, 12 Blenheim Place, Edinburgh, EH7 5JH",Z1780,456117,"['Cash', 'Stocks and Shares']"
Nude Finance Limited,Nude Finance Limited,"Tontine, 20 Trongate, Glasgow, G1 5ES",Z2046,928010,"['Cash', 'Stocks and Shares', 'Lifetime ISA']"
Number One Police Credit Union Limited,Number One Police Credit Union Limited,"Slater House, Oakfield Road, Cheadle Royal Business Park, Cheadle, SK8 3GX",Z1631,213301,['Cash']
Nutmeg Saving and Investment Limited,Nutmeg Saving and Investment Limited,"Vox Studios, 1 to 45 Durham Street, London, SE11 5JH",Z1777,552016,"['Lifetime ISA', 'Stocks and Shares', 'Stocks and Shares Junior ISA']"
Oakglen Wealth Limited,Oakglen Wealth Limited,"2 St James’s Market, London, SW1Y 4AH",Z2071,961763,"['Stocks and Shares', 'Stocks and Shares Junior ISA']"
Oaknorth Bank plc,Oaknorth Bank plc,"57 Broadwick Street, London, W1F 9QS",Z1958,629564,['Cash']
Oberon Investments Limited,Oberon Investments Limited,"1st Floor, 12 Hornsby Square, Southfields Business Park, Basildon, Essex, SS15 6SD",Z1674,124885,['Stocks and Shares']
Octopus Investments Limited,Octopus Investments Limited,"33 Holborn, 6th Floor, London, EC1N 2HT",Z1557,194779,['Stocks and Shares']
Odey Wealth Management (UK) Limited,Odey Wealth Management (UK) Limited,"18 Upper Brook Street, London, W1K 7PU",Z1744,451361,['Stocks and Shares']
OneSavings Bank plc,OneSavings Bank plc,"O S B House, Quayside, Chatham Maritime, Chatham, Kent, ME4 4QZ",Z1753,530504,['Cash']
Open Access Finance Ltd,Unbolted,"27 Clements Lane, London, EC4N 7AE",Z1998,741896,['Innovative Finance ISA']
Orbis Investments (U.K.) Limited,Orbis Investments (U.K.) Limited,"Wimbledon Bridge House, 1 Hartfield Road, London, SW19 3RU",Z1831,592777,"['Stocks and Shares', 'Stocks and Shares Junior ISA']"
P1 Investment Services Limited,P1,"Winslade Manor, Manor Drive, Clyst St Mary, Exeter, Devon, EX5 1FY",Z2017,752005,"['Cash', 'Cash Junior ISA', 'Stocks and Shares', 'Stocks and Shares Junior ISA']"
Paragon Bank plc,Paragon Bank plc,"51 Homer Road, Solihull, West Midlands, B91 3QJ",Z1852,604551,"['Cash', 'Lifetime ISA']"
Parmenion Capital Partners LLP,Parmenion Capital Partners LLP,"Aurora, Counterslip, Bristol, BS1 6BX",Z1635,462085,"['Stocks and Shares', 'Stocks and Shares Junior ISA']"
Partners Credit Union Limited,Partners Credit Union Limited,"New Oxford House, 75 Dale Street, Liverpool, L2 2HT",Z1792,213715,['Cash']
Pavis Financial Management Ltd,Pavis Financial Management Ltd,"4 St Pauls Square, Liverpool, Merseyside, L3 9SJ",Z2061,153871,"['Stocks and Shares', 'Stocks and Shares Junior ISA']"
Paxiot Limited,Paxiot,"RW Blears LLP, 70 Colombo Street, London, SE1 8PB",Z2072,610217,['Innovative Finance ISA']
Penny Post Credit Union Limited,Penny Post Credit Union Limited,"North West Midlands Mail Centre, Sun Street, Wolverhampton, WV1 1AA",Z1788,213680,['Cash']
Penrith Building Society,Penrith Building Society,"7 King Street, Penrith, CA11 7AR",Z1229,164473,"['Cash', 'Cash Junior ISA']"
Pershing Securities Limited,Pershing Securities Limited,"1 Canada Square, London, E14 5AL",Z1329,146576,"['Stocks and Shares', 'Stocks and Shares Junior ISA']"
Philip J Milton & Company plc,Philip J Milton & Company plc,"21 Boutport Street, Barnstaple, Devon, EX31 1RP",Z1199,181768,"['Cash', 'Stocks and Shares', 'Lifetime ISA']"
Phoenix Life Assurance Limited,Phoenix Life Assurance Limited,"1 Wythall Green Way, Wythall, Birmingham, B47 6WG",Z1617,117667,['Stocks and Shares']
Phoenix Life Limited,Phoenix Life Limited,"1 Wythall Green Way, Wythall, Birmingham, B47 6WG",Z1500,110418,['Stocks and Shares']
Pilling & Co Stockbrokers Ltd,Pilling & Co Stockbrokers Ltd,"Henry Pilling House, 29 Booth Street, Manchester, M2 4AF",Z1032,652114,"['Cash', 'Stocks and Shares']"
Plane Saver Credit Union Limited,Plane Saver Credit Union Limited,"The Barn, Manor Lane, Harlington, Middlesex, UB3 5EQ",Z1667,213609,['Cash']
Plata Finance Limited,Plata Finance Limited,"Frobisher House,Nelson Gate, Southampton SO15 1GX",Z1945,718925,['Innovative Finance ISA']
Platform One Limited,Platform One Limited,"Peartree Business Centre, Cobham Road, Wimborne BH21 7PT",Z1896,542059,"['Innovative Finance ISA', 'Stocks and Shares', 'Stocks and Shares Junior ISA']"
Platform Securities LLP,Platform Securities LLP,"Tricorn House, 51-53 Hagley Road, Edgbaston, Birmingham B16 8TP",Z1549,214206,"['Lifetime ISA', 'Stocks and Shares']"
Police Credit Union Limited,Police Credit Union Limited,"Guardians House, 2111 Coventry Road, Sheldon, Birmingham, B26 3EA",Z1661,213306,['Cash']
Premier Fund Managers Limited,Premier Fund Managers Limited,"Eastgate Court, High Street, Guildford, GU1 3DE",Z1498,143097,['Stocks and Shares']
Premier Portfolio Managers Limited,Premier Portfolio Managers Limited,"Eastgate Court, High Street, Guildford, GU1 3DE",Z1158,122067,['Stocks and Shares']
Principality Building Society,Principality Building Society,"Principality Buildings, PO Box 89, Queen Street, Cardiff, CF1 1UA",Z1069,155998,['Cash']
Progressive Building Society,Progressive Building Society,"33-37 Wellington Place, Belfast, BT1 6HH",Z1171,161841,['Cash']
Proplend Limited,Proplend Limited,"15 Little Green, Richmond, TW9 1QH",Z1935,726646,['Innovative Finance ISA']
Prosper Capital LLP,Prosper Capital LLP,"The Bothy, Albury Park, Albury, GU5 9BH",Z1968,453007,['Innovative Finance ISA']
Punjab National Bank (International) Limited,Punjab National Bank (International) Limited,"1-5 Moorgate, London, EC2R 6JH",Z1724,459701,['Cash']
Punter Southall Wealth Limited,Punter Southall Wealth Limited,"88 Wood Street, London, EC2V 7QR",Z1563,478840,['Stocks and Shares']
Quai Investment Services Ltd,Quai,"16 Tesla Court, Innovation Way, Peterborough, PE2 6FL",Z2053,922590,"['Cash', 'Cash Junior ISA', 'Stocks and Shares', 'Stocks and Shares Junior ISA', 'Lifetime ISA']"
Quilter Cheviot Limited,Quilter Cheviot Limited,"Senator House, 85 Queen Victoria Street, London, United Kingdom, EC4V 4AB",Z1167,124259,['Stocks and Shares']
Quilter Investment Platform Limited,Quilter Investment Platform Limited,"Senator House, 85 Queen Victoria Street, London, United Kingdom, EC4V 4AB",Z1133,165359,"['Cash', 'Stocks and Shares', 'Stocks and Shares Junior ISA']"
R C Brown Investment Management plc,R C Brown Investment Management plc,"1 The Square, Temple Quay, Bristol, BS1 6DG",Z1729,146002,"['Stocks and Shares', 'Stocks and Shares Junior ISA']"
Rathbones Investment Management Limited,Rathbones Investment Management Limited,"8 Finsbury Circus, London, England, EC2M 7AZ",Z1050,116316,"['Stocks and Shares', 'Junior ISA']"
Rathbones Asset Management Limited,Rathbones Asset Management Limited,"8 Finsbury Circus, London, England, EC2M 7AZ",Z1365,144266,['Stocks and Shares']
Ravenscroft Investments (UK) Limited,Ravenscroft Investments (UK) Limited,"The Singing Men’s Chambers, 19 Minster Precincts, Peterborough, PE1 1XX",Z1355,609277,['Stocks and Shares']
Raymond James Investment Services Ltd,Raymond James Investment Services Ltd,"Ropemaker Place, 25 Ropemaker Street, London, England, EC2Y 9LY",Z1469,194713,['Stocks and Shares']
RBC Europe Limited,RBC Europe Limited,"100 Bishopsgate, London, United Kingdom, EC2N 4AA",Z2030,124543,['Stocks and Shares']
RBS Collective Investment Funds Limited,RBS Collective Investment Funds Limited,"House D, 2nd Floor, Gogarburn, Edinburgh, EH12 1HQ",Z1060,122139,"['Cash', 'Stocks and Shares', 'Junior ISA']"
Rebuildingsociety.com Limited,Rebuildingsociety.com Limited,"10-12 East Parade, Leeds, LS1 2BH",Z1933,656344,['Innovative Finance ISA']
Redmayne-Bentley LLP,Redmayne-Bentley LLP,"3 Wellington Place, Leeds, West Yorkshire, LS1 4AP",Z1037,499510,['Stocks and Shares']
Relendex Limited,Relendex Limited,"99-100 Turnmill Street, London, England, EC1M 5QP",Z1938,723117,['Innovative Finance ISA']
Reliance Bank Limited,Reliance Bank Limited,"23-24 Lovat Lane, London, EC3R 8EB",Z1700,204537,['Cash']
Resolution Compliance Limited,Resolution Compliance Limited,"4 St. Paul’s Churchyard, London, England, EC4M 8AY",Z1881,574048,"['Cash', 'Innovative Finance ISA', 'Stocks and Shares']"
Reyker Securities plc — this company is in administration,Reyker Securities plc — this company is in administration,"17 Moorgate, London, EC2R 6AR",Z1098,115308,"['Cash', 'Innovative Finance ISA', 'Stocks and Shares']"
RLUM Limited,RLUM Limited,"Royal London House, Alderley Park, Congleton Road, Nether Alderley, Macclesfield, Cheshire, SK10 4EL",Z1669,144032,['Stocks and Shares']
Rockpool Investments LLP,Rockpool Investments LLP,"10 Bressenden Place, London, England, SW1E 5DH",Z1972,572300,['Innovative Finance ISA']
Rossie House Investment Management LLP,Rossie House Investment Management LLP,"50 Moray Place, Edinburgh, EH3 6BQ",Z1797,793399,['Stocks and Shares']
Rothschild & Co Wealth Management UK Limited,Rothschild & Co Wealth Management UK Limited,"New Court, St Swithin’s Lane, London, EC4N 8AL",Z1536,218613,['Stocks and Shares']
Rowan Dartington & Co Limited,Rowan Dartington & Co Limited,"Temple Point, Redcliffe Way, Bristol BS1 6NL",Z1119,155241,"['Cash', 'Stocks and Shares']"
Royal London Savings Limited,Royal London Savings Limited,"Royal London House, Alderley Park, Congleton Road, Nether Alderley, Macclesfield, Cheshire, SK10 4EL",Z1402,191237,"['Cash', 'Stocks and Shares']"
Royal London Unit Trust Managers Limited,Royal London Unit Trust Managers Limited,"55 Gracechurch Street, London, EC3V 0RL",Z1258,144037,['Stocks and Shares']
Ruffer LLP,Ruffer LLP,"80 Victoria Street, London, SW1E 5JL",Z1565,229135,['Stocks and Shares']
S&T Asset Management LLP,S&T Asset Management LLP,"43-45 Market Street, Marple, Stockport, Cheshire, SK6 7AA",Z1719,501695,['Stocks and Shares']
Saffron Building Society,Saffron Building Society,"1A Market Place, Saffron, Walden, CB10 1HX",Z1246,100015,['Cash']
Sainsbury’s Bank plc,Sainsbury’s Bank plc,"3 Lochside Ave, Edinburgh, EH12 9DJ",Z1234,184514,['Cash']
Saltus Partners LLP,Saltus,"22-23 Old Burlington Street, London, W1S 2JJ",Z2002,402531,"['Stocks and Shares', 'Cash Junior ISA']"
Sanlam Securities UK Limited,Sanlam Securities UK Limited,"24 Monument Street, London EC3R 8AJ",Z2057,124345,['Stocks and Shares']
Santander ISA Managers Limited,Santander ISA Managers Limited,"287 St Vincent Street, Glasgow, G2 5NB",Z1065,171448,"['Cash', 'Stocks and Shares']"
Santander UK plc,Santander UK plc,"2 Triton Square, Regent’s Place, London, NW1 3AN",Z1820,106054,['Cash']
Sarasin & Partners LLP,Sarasin & Partners LLP,"Juxon House, 100 St Paul’s Churchyard, London, EC4M 8BU",Z1890,475111,['Stocks and Shares']
Sarasin Asset Management Limited,Sarasin Asset Management Limited,"Juxon House, 100 St Paul’s Churchyard, London, EC3M 8BU",Z1906,163584,['Stocks and Shares']
Sarasin Investment Funds Limited,Sarasin Investment Funds Limited,"Juxon House, 100 St Paul’s Churchyard, London, EC4M 8BU",Z1502,122244,['Stocks and Shares']
Saveable Limited,Plum,"2-7 Clerkenwell Green, 2nd Floor, London, EC1R 0DE",Z2040,739214,"['Cash', 'Stocks and Shares', 'LISA']"
Saxo Capital Markets UK Limited,Saxo Capital Markets UK Limited,"26th Floor, 40 Bank Street, Canary Wharf, London, E14 5DA",Z1849,551422,['Stocks and Shares']
Schroder & Co Limited,Schroder & Co Limited,"1 London Wall Place, London, EC2Y 5AU",Z1819,144206,['Stocks and Shares']
Schroder Unit Trusts Limited,Schroder Unit Trusts Limited,"1 London Wall Place, London, EC2Y 5AU",Z1825,197288,['Stocks and Shares']
Scottish Building Society,Scottish Building Society,"SBS House, 193 Dalry Road, Edinburgh, EH11 2EF",Z1261,206034,['Cash']
Scottish Friendly Asset Managers Limited,Scottish Friendly Asset Managers Limited,"Scottish Friendly House, 16 Blythswood Square, Glasgow, G2 4HJ",Z1397,188832,"['Cash', 'Stocks and Shares']"
Scottish Widows Administration Services Limited,Scottish Widows Administration Services Limited,"69 Morrison Street, Edinburgh, EH3 8YF",Z1982,139398,['Stocks and Shares']
Scottish Widows Schroder Personal Wealth (ACD) Limited,Scottish Widows Schroder Personal Wealth (ACD) Limited,"One London Wall, London, EC2Y 5EA",Z2029,834833,"['Stocks and Shares', 'Stocks and Shares Junior ISA']"
Scottish Widows Unit Trust Managers Limited,Scottish Widows Unit Trust Managers Limited,"69 Morrison St, Edinburgh, EH3 8YF",Z1117,122129,['Stocks and Shares']
Seccl Custody Limited,Seccl Custody Limited,"20 Manvers Street, Bath, United Kingdom, BA1 1JW",Z2000,793200,"['Stocks and Shares', 'Stocks and Shares Junior ISA']"
Secure Trust Bank plc,Secure Trust Bank plc,"1 Arleston Way, Shirley, Birmingham, B90 4LH",Z1893,204550,"['Cash', 'Cash Junior ISA']"
Seven Investment Management LLP,Seven Investment Management LLP,"55 Bishopsgate, London, England, EC2N 3AS",Z1808,589124,['Stocks and Shares']
SG Kleinwort Hambros Bank Limited,SG Kleinwort Hambros Bank Limited,"One Bank Street, Canary Wharf, London, E14 4SG",Z1523,119250,"['Cash', 'Stocks and Shares', 'JISA stock and shares']"
Shard Capital Partners LLP,Shard Capital Partners LLP,"3rd Floor, 70 St Mary Axe, London, EC3A 8BE",Z1843,538762,['Stocks and Shares']
Share Credit Limited,Share Credit Limited,"Suit E, 18th Floor, 40 Bank Street, London, E14 5NR",Z1983,719365,['Innovative Finance ISA']
Share In Ltd,Share In Ltd,"Argyle House, 3 Lady Lawson Street, Edinburgh, EH3 9DR",Z1908,603332,"['Cash', 'Stocks and Shares', 'Innovative Finance ISA', 'Cash Junior ISA', 'Stocks and Shares Junior ISA', 'Lifetime ISA']"
Shawbrook Bank Limited,Shawbrook Bank Limited,"Lutea House, Warley Hill Business Park, The Drive, Great Warley, Brentwood, Essex, CM13 3BE",Z1793,204574,['Cash']
Sheffield Mutual Friendly Society Limited,Sheffield Mutual Friendly Society Limited,"3 Maple Park, Maple Court, Tankersley, Barnsley, S75 3DP",Z1525,139855,"['Cash', 'Stocks and Shares']"
Shore Capital Stockbrokers Limited,Shore Capital Stockbrokers Limited,"Cassini House, 57-59 St James’s Street, London, England, SW1A 1LD",Z1504,124784,['Stocks and Shares']
Signia Money Limited,Signia Money Limited,"FKS House, 40-44 Newman Street, London, W1T 1QD",Z2020,631257,['Innovative Finance ISA']
Skipton Building Society,Skipton Building Society,"The Bailey, Skipton, BD23 1DN",Z1219,153706,"['Cash', 'Lifetime ISA', 'Cash Junior ISA']"
Slater Investments Limited,Slater Investments Limited,"Nicholas House, 3 Laurence Pountney Hill, London, EC4R 0EU",Z1925,165999,"['Stocks and Shares', 'Stocks and Shares Junior ISA']"
St James’s Place Investment Administration Limited,St James’s Place Investment Administration Limited,"1 Tetbury Road, Cirencester, GL7 1FP",Z1838,622916,['Stocks and Shares']
Standard Life Savings Limited,Standard Life Savings Limited,"1 George Street, Edinburgh, United Kingdom, EH2 2LL",Z1344,188796,"['Cash', 'Stocks and Shares']"
State Bank of India,State Bank of India,"15 King Street, London, EC2V 8EA",Z1742,139156,['Cash']
State Bank of India (UK) Limited,State Bank of India (UK) Limited,"15 King Street, London, EC2V 8EA",Z1970,757156,"['Cash', 'Cash Junior ISA']"
Stellar Asset Management Limited,Stellar Asset Management Limited,"Kendal House, 1 Conduit Street, London, United Kingdom, W1S 2XA",Z1821,474710,['Stocks and Shares']
Sterling ISA Managers Limited,Advance,"100 Cannon Street, London, EC4N 6EU",Z1438,191278,"['Cash', 'Stocks and Shares', 'Stocks and Shares Junior ISA']"
Strowz Limited,Strowz Limited,"14 Grays Inn Road, London WC1X 8HN",Z2009,792373,"['Stocks and Shares', 'Stocks and Shares Junior ISA']"
Stubben Edge (Risk) Limited,Stubben Edge (Risk) Limited,"4th Floor, 77 Cornhill, London, EC3V 3QQ",Z2077 ,943286 ,['Cash']
Suffolk Building Society,Suffolk Building Society,"Freehold House, 6-8 The Havens, Ransomes Europark, Ipswich, IP3 9SJ",Z1279,104875,['Cash']
SVM Asset Management Limited,SVM Asset Management Limited,"7 Castle Street, Edinburgh, EH2 3AH",Z1454,146873,['Stocks and Shares']
Swansea Building Society,Swansea Building Society,"11-12 Cradock Street, Swansea, SA1 3EW",Z1377,206066,['Cash']
Synergy Financial Products Limited,Synergy Financial Products Limited,"Centrium 1, Griffiths Way, St Albans, AL1 2RD",Z1740,312416,"['Cash', 'Stocks and Shares']"
T. Bailey Fund Services Limited,T. Bailey Fund Services Limited,"64 St James’s Street, Nottingham, NG1 6FJ",Z1520,190293,['Stocks and Shares']
TAM Asset Management Ltd,TAM Asset Management Ltd,"City Tower, 40 Basinghall Street, London, EC2V 5DE",Z1100,208243,"['Cash', 'Stocks and Shares']"
Target Servicing Limited,Target Servicing Limited,"Imperial Way, Newport, NP10 8UH",Z1846,454569,"['Cash', 'Stocks and Shares']"
Teachers’ Building Society,Teachers’ Building Society,"Allenview House, Hanlam Road, Wimborne Minster, BH21 1AG",Z1097,156580,['Cash']
Telford Mann Limited,Telford Mann Limited,"Ironstone Place, Kettering, United Kingdom, NN14 1FN",Z1950,143390,"['Stocks and Shares', 'Stocks and Shares Junior ISA']"
Tesco Personal Finance plc,Tesco Personal Finance plc,"2 South Gyle Crescent, Edinburgh, EH12 9FQ",Z1751,186022,['Cash']
The Ancient Order of Foresters Friendly Society Ltd,The Ancient Order of Foresters Friendly Society Ltd,"Foresters House, 29-33 Shirley Road, Southampton SO15 3EW",Z1542,110029,"['Cash', 'Lifetime ISA', 'Stocks and Shares']"
The Charity Bank Limited,The Charity Bank Limited,"Fosse House, 182 High Street, Tonbridge, Kent, TN9 1BE",Z1642,207701,['Cash']
The Chorley and District Building Society,The Chorley and District Building Society,"Key House, Foxhole Road, Chorley, PR7 1NZ",Z1305,206023,['Cash']
The Co-operative Bank plc,The Co-operative Bank plc,"PO Box 101, 1 Balloon Street, Manchester, M60 4EP",Z1232,121885,['Cash']
The Exeter Practice Ltd,The Exeter Practice Ltd,"1 Charlotte Mews, Pavilion Place, Exeter, EX2 4HA",Z1706,451695,['Stocks and Shares']
The House Crowd Limited — this company is in administration,The House Crowd Limited — this company is in administration,"Quantuma Advisory Limited, No.1 Spinningfields Quay Street, Manchester, M3 3JE",Z1980,725648,['Innovative Finance ISA']
The Mansfield Building Society,The Mansfield Building Society,"Regent Street, Mansfield, NG18 1SS",Z1077,206049,['Cash']
The Mortgage Works (UK) plc,The Mortgage Works (UK) plc,"Richmond Hill, Bournemouth, Dorset, BH2 6EP",Z1038,189623,['Cash']
The National Farmers’ Union Mutual Insurance Society Limited,The National Farmers’ Union Mutual Insurance Society Limited,"Tiddington Road, Stratford Upon Avon, CV37 7BJ",Z1503,117664,"['Cash', 'Stocks and Shares']"
The Rechabite Friendly Society Limited,The Rechabite Friendly Society Limited,"2 The Old Court House, Tenterden Street, Bury, Greater Manchester, BL9 0AL",Z1411,109994,"['Cash', 'Stocks and Shares']"
The Red Rose Friendly Society Limited,The Red Rose Friendly Society Limited,"Parkgates, 52a Preston New Road, Blackburn, BB2 6AH",Z1752,110097,['Stocks and Shares']
The Royal Bank of Scotland plc,The Royal Bank of Scotland plc,"36 St. Andrew Square, Edinburgh, EH2 2YB",Z1971,114724,"['Cash', 'Stocks and Shares', 'Stocks and Shares Junior ISA']"
The Royal London Mutual Insurance Society Limited,The Royal London Mutual Insurance Society Limited,"55 Gracechurch Street, London, EC3V 0RL",Z2038,117672,['Stocks and Shares']
The Shepherds Friendly Society Limited,The Shepherds Friendly Society Limited,"Haw Bank House, High Street, Cheadle, SK8 1AL",Z1648,109997,"['Cash', 'Stocks and Shares', 'Lifetime ISA']"
The Stafford Railway Building Society,The Stafford Railway Building Society,"4 Market Square, Stafford, ST16 2JH",Z1389,206063,['Cash']
Thesis Asset Management Limited,Thesis Asset Management Limited,"Exchange Buildings, St John’s Street, Chichester, West Sussex, PO19 1UP",Z1040,114354,"['Cash', 'Stocks and Shares', 'Stocks and Shares Junior ISA']"
Thesis Unit Trust Management Limited,Thesis Unit Trust Management Limited,"Exchange Buildings, St John’s Street, Chichester, West Sussex, PO19 1UP",Z2026,186882,"['Stocks and Shares', 'Stocks and Shares Junior ISA']"
Third Platform Services Limited,Third Platform Services Limited,"Birchin Court, 20 Birchin Lane, London, EC3V 9DU",Z1888,717915,"['Cash', 'Cash Junior ISA', 'Stocks and Shares', 'Stocks and Shares Junior ISA']"
Thomas Grant and Company Limited,Thomas Grant and Company Limited,"40A Friar Lane, Leicester, LE1 5RA",Z1041,163296,"['Cash', 'Stocks and Shares']"
Threadneedle Investment Services Limited,Threadneedle Investment Services Limited,"Cannon Place, 78 Cannon Street, London, EC4N 6AG",Z1420,190437,['Stocks and Shares']
Tifosy Limited,Tifosy Limited,"16 Hanover Square, London, England, W1S 1HT",Z1996,717605,['Innovative Finance ISA']
TigerWit Ltd,TigerWit Ltd,"7th Floor, Augustine House, 6a Austin Friars, London, EC2N 2HA",Z1850,679941,"['Stocks and Shares', 'Lifetime ISA']"
Tilney Asset Management Services Limited,Evelyn,"The Observatory, Western Road, Bracknell, Berkshire, RG12 1TL",Z1440,189997,"['Stocks and Shares', 'Stocks and Shares Junior ISA']"
Tilney Discretionary Portfolio Management Limited,Tilney Discretionary Portfolio Management Limited,"The Observatory, Western Road, Bracknell, Berkshire, RG12 1TL",Z1453,142989,"['Stocks and Shares', 'Junior ISA']"
Tipton and Coseley Building Society,Tipton and Coseley Building Society,"70 Owen Street, Tipton, DY4 8HG",Z1082,159601,['Cash']
Trading 212 UK Limited,Trading 212 UK Limited,"107 Cheapside, London, EC2V 6DN",Z1951,609146,['Stocks and Shares']
Transport Friendly Society Limited,Transport Friendly Society Limited,"3rd Floor, Derbyshire House, St Chad’s Street, London, WC1H 8AG",Z1924,110020,"['Cash', 'Stocks and Shares']"
Triodos Bank UK Limited,Triodos Bank UK Limited,"Deanery Road, Bristol BS1 5AS",Z2013,817008,"['Cash', 'Cash Junior ISA', 'Stocks and Shares', 'Innovative Finance ISA']"
Triple Point Investment Management LLP,Triple Point Investment Management LLP,"1 King William Street, London, EC4N 7AF",Z1901,456597,"['Innovative Finance ISA', 'Stocks and Shares']"
True Potential Investments LLP,True Potential Investments LLP,"Newburn House, Gateway West, Newburn Riverside, Newcastle Upon Tyne, NE15 8NX",Z1750,527444,['Stocks and Shares']
TSB Bank plc,TSB Bank plc,"20 Gresham Street, London, EC2V 7JE",Z1647,191240,['Cash']
Turkish Bank (UK) Limited,Turkish Bank (UK) Limited,"84-86 Borough High Street, London, SE1 1LN",Z1767,204566,['Cash']
UBS AG,UBS AG,"5 Broadgate, London, EC2M 2QS",Z1693,186958,['Stocks and Shares']
UBS Asset Management Funds Ltd,UBS Asset Management Funds Ltd,"5 Broadgate, London, EC2M 2QS",Z1482,141661,['Stocks and Shares']
Unicorn Asset Management Limited,Unicorn Asset Management Limited,"Preachers Court, The Charterhouse, Charterhouse Square, London, EC1M 6AU",Z1522,192164,['Stocks and Shares']
United National Bank Limited,United National Bank Limited,"2 Brook Street, London, W1S 1BQ",Z1799,207381,['Cash']
United Trust Bank Limited,United Trust Bank Limited,"One Ropemaker Street, London, EC2Y 9AW",Z1505,204463,"['Cash', 'Stocks and Shares']"
Valu-Trac Investment Management Limited,Valu-Trac Investment Management Limited,"Mains of Orton, Orton Fochabers, Moray, IV32 7QE",Z1796,145168,"['Cash', 'Stocks and Shares Lifetime ISA']"
Vanguard Asset Management Limited,Vanguard Asset Management Limited,"Vanguard, 4th Floor, The Walbrook Building, 25 Walbrook, London, EC4N 8AF",Z1891,527839,"['Stocks and Shares', 'Stocks and Shares Junior ISA']"
Vanquis Bank Limited,Vanquis,"20 Fenchurch Street, London EC3M 3BY",Z2043,221156,['Cash']
VCAP Capital Ltd,VCAP,"Olivers Barn, Maldon Road, Witham, CM8 3HY",Z2055,790419,"['Stocks and Shares', 'Stocks and Shares Junior ISA', 'Innovative Finance ISA']"
Veritas Investment Partners (UK) Limited,Veritas Investment Partners (UK) Limited,"Riverside House, 2A Southwark Bridge Road, London SE1 9HA",Z1807,923827,['Stocks and Shares']
Vernon Building Society,Vernon Building Society,"19 St Petersgate, Stockport, SK1 1HF",Z1247,195475,['Cash']
Verso Investment Management LLP,Verso,"2nd Floor, The Clove Building, 4 Maguire Street, London, SE1 2NQ",Z1488,517235,['Stocks and Shares']
Verus Financial Services Limited,Verus Financial Services Limited,"Suite B107, 23 Goodlass Road, Speke, Liverpool, L24 9HJ",Z2068,765214,"['Innovative Finance ISA', 'Stocks and Shares']"
Virgin Money Unit Trust Managers Limited,Virgin Money Unit Trust Managers Limited,"Jubilee House, Gosforth, Newcastle Upon Tyne, NE3 4PL",Z1675,171748,['Stocks and Shares']
Vitality Life Limited,Vitality Life Limited,"4th Floor, 70 Gracechurch Street, London, EC3U 0XL",Z1977,675028,"['Stocks and Shares', 'Junior ISA']"
W H Ireland Limited,W H Ireland Limited,"24 Martin Lane, London, EC4R 0DR",Z1137,140773,"['Cash', 'Stocks and Shares']"
Walker Crips Investment Management Limited,Walker Crips Investment Management Limited,"Old Change House, 128 Queen Victoria Street, London, EC4V 4BJ",Z1109,226344,"['Cash', 'Stocks and Shares']"
Waverton Investment Management Limited,Waverton Investment Management Limited,"16 Babmaes Street, London, SW1Y 6AH",Z1357,116404,['Stocks and Shares']
Way Fund Managers Limited,Way Fund Managers Limited,"Cedar House, 3 Cedar Park, Cobham Road, Wimborne BH21 7SB",Z1463,194147,['Stocks and Shares']
Waystone Management (UK) Limited,Waystone Management (UK) Limited,"2nd Floor, 20-22 Bedford Row, Holborn, London, WC1R 4EB",Z1814,429093,['Stocks and Shares']
Wealth at Work Limited,Wealth at Work Limited,"5 Temple Square, Temple Street, Liverpool, L2 5RH",Z1589,417367,['Stocks and Shares']
Wealthify Limited,Wealthify Limited,"Tec Marina, Terra Nova Way, Penarth, CF64 1SA",Z2079,662530,"['Cash', 'Cash Junior ISA', 'Stocks and Shares', 'Stocks and Shares Junior ISA']"
Wealthkernel Limited,Wealthkernel Limited,"41 Luke Street, London, EC2A 4DP",Z2016,723719,"['Stocks and Shares', 'Stocks and Shares Junior ISA']"
WealthTek LLP,WealthTek LLP,"The Gresham, 92 Osborne Road, Newcastle Upon Tyne, NE2 2TD",Z2051,832264,"['Stocks and Shares', 'Stocks and Shares Junior ISA']"
Wealthtime Limited,Wealthtime Limited,"1 London Road Office Park, London Road, Salisbury, England, SP1 3HP",Z1711,468461,['Stocks and Shares']
Wesleyan Assurance Society,Wesleyan Assurance Society,"Colmore Circus Queensway, Birmingham B4 6AR",Z1586,110873,['Stocks and Shares']
Wesleyan Bank Limited,Wesleyan Bank Limited,"Colmore Circus Queensway, Birmingham B4 6AR",Z1108,165116,"['Cash', 'Cash Junior ISA']"
Wesleyan Unit Trust Managers Limited,Wesleyan Unit Trust Managers Limited,"Colmore Circus, Birmingham, B4 6AR",Z1078,175798,['Stocks and Shares']
West Bromwich Building Society,West Bromwich Building Society,"2 Providence Place, West Bromwich, West Midlands, B70 8AF",Z1045,104877,['Cash']
Weston Super Mare and District Credit Union Limited,Weston Super Mare and District Credit Union Limited,"Kestrel Court, Harbour Road, Portishead, North Somerset, BS20 7AN",Z1806,230768,['Cash']
Whitechurch Securities Limited,Whitechurch Securities Limited,"The Old Chapel, 14 Fairview Drive, Redland, Bristol, BS6 6PH",Z1096,114318,"['Cash', 'Stocks and Shares']"
Williams Investment Management LLP,Williams Investment Management LLP,"34 Victoria Avenue, Harrogate, HG1 5PR",Z1640,403210,['Stocks and Shares']
Windsor Private Office Investment Management Limited,Windsor Private Office Investment Management Limited,"Windsor House, Cornwall Road, Harrogate, HG1 2PW",Z2019,781702,['Stocks and Shares']
Winterflood Securities Limited,Winterflood Securities Limited,"The Atrium Building, Cannon Bridge House, 25 Dowgate Hill, London, EC4R 2GA",Z1046,141455,"['Cash', 'Stocks and Shares', 'Junior ISA', 'Stocks and Shares Junior ISA']"
WiseAlpha Technologies Limited,WiseAlpha,"Level 39, One Canada Square, Canary Wharf, London, E14 5AB",Z2018,751087,['Innovative Finance ISA']
Yealand Fund Services Limited,Yealand Fund Services Limited,"Stuart House, St John’s Street, Peterborough, PE1 5DD",Z1855,530809,['Stocks and Shares']
Yorkshire Building Society,Yorkshire Building Society,"Yorkshire House, Yorkshire Drive, Bradford, BD5 8LJ",Z1294,106085,['Cash']
Zopa Bank Limited,Zopa Bank Limited,"Cottons Centre, 47-49 Tooley Street, London, SE1 2QG",Z2064,800542,['Cash']
